Date,Open,High,Low,Close,Volume
12/07/2018,24.6,25.3,23.84,23.86,"172,667,892"
12/10/2018,24.0,24.4,23.54,24.34,"99,201,927"
12/11/2018,24.66,24.81,24.02,24.45,"94,631,617"
12/12/2018,24.63,24.79,24.34,24.44,"75,405,797"
12/13/2018,24.68,25.16,24.45,25.12,"110,487,923"
12/14/2018,25.0,25.19,24.29,24.38,"95,063,438"
12/17/2018,24.13,24.38,22.93,23.23,"115,110,238"
12/18/2018,23.37,23.44,22.25,22.47,"106,500,094"
12/19/2018,22.51,23.13,21.98,22.2,"124,112,827"
12/20/2018,21.8,22.02,20.79,21.03,"136,077,995"
12/21/2018,21.16,21.56,20.83,21.32,"120,252,123"
12/24/2018,20.9,20.97,19.68,19.69,"83,398,781"
12/26/2018,20.0,21.8,19.61,21.74,"122,447,196"
12/27/2018,21.32,21.48,20.1,21.08,"128,627,127"
12/28/2018,21.54,22.42,21.23,22.26,"149,085,033"
12/31/2018,22.52,22.61,21.68,22.19,"94,535,152"
01/02/2019,20.41,21.01,19.92,20.67,"174,879,915"
01/03/2019,20.47,20.63,19.83,20.02,"104,477,867"
01/04/2019,20.4,21.2,20.18,21.18,"110,911,869"
01/07/2019,21.45,22.45,21.18,22.33,"113,268,476"
01/08/2019,22.8,22.93,21.8,22.36,"105,127,848"
01/09/2019,22.37,22.9,22.1,22.57,"81,494,244"
01/10/2019,22.29,23.03,22.12,23.0,"90,845,403"
01/11/2019,22.81,23.23,22.58,23.15,"75,585,843"
01/14/2019,22.83,22.83,22.27,22.29,"78,709,341"
01/15/2019,22.33,23.25,22.3,22.96,"90,848,928"
01/16/2019,22.99,23.47,22.9,23.07,"70,376,157"
01/17/2019,23.08,23.43,22.94,23.15,"55,151,052"
01/18/2019,21.53,21.81,19.98,20.15,"362,261,802"
01/22/2019,20.32,20.53,19.7,19.93,"181,001,301"
01/23/2019,19.5,19.63,18.78,19.17,"187,950,058"
01/24/2019,18.87,19.58,18.62,19.43,"120,182,448"
01/25/2019,19.63,19.9,19.3,19.8,"108,871,282"
01/28/2019,19.53,19.83,19.18,19.76,"96,349,269"
01/29/2019,19.68,19.9,19.45,19.83,"69,325,451"
01/30/2019,20.03,20.6,19.9,20.58,"168,754,973"
01/31/2019,20.07,20.77,19.6,20.47,"188,538,914"
02/01/2019,20.36,21.07,20.23,20.81,"109,251,697"
02/04/2019,20.87,21.02,20.13,20.86,"110,281,343"
02/05/2019,20.83,21.5,20.82,21.42,"101,141,579"
02/06/2019,21.31,21.62,21.04,21.15,"75,578,268"
02/07/2019,20.89,20.98,20.2,20.5,"97,809,250"
02/08/2019,20.46,20.5,19.9,20.39,"87,663,270"
02/11/2019,20.77,21.24,20.7,20.86,"106,945,790"
02/12/2019,21.08,21.21,20.64,20.79,"82,763,635"
02/13/2019,20.82,20.85,20.37,20.54,"77,124,334"
02/14/2019,20.23,20.45,20.07,20.25,"78,012,560"
02/15/2019,20.3,20.53,20.26,20.53,"58,574,265"
02/19/2019,20.44,20.77,20.36,20.38,"62,526,709"
02/20/2019,20.29,20.42,19.93,20.17,"107,131,850"
02/21/2019,20.12,20.22,19.37,19.42,"133,637,852"
02/22/2019,19.63,19.77,19.47,19.65,"86,108,458"
02/25/2019,19.86,20.19,19.8,19.92,"99,397,932"
02/26/2019,19.48,20.13,19.25,19.86,"128,738,157"
02/27/2019,20.12,21.09,20.04,20.98,"167,758,792"
02/28/2019,21.26,21.33,20.72,21.33,"157,809,912"
03/01/2019,20.46,20.48,19.46,19.65,"343,671,008"
03/04/2019,19.87,19.93,18.85,19.02,"256,452,533"
03/05/2019,18.8,18.93,18.01,18.44,"281,471,359"
03/06/2019,18.43,18.77,18.29,18.42,"155,032,494"
03/07/2019,18.59,18.98,18.28,18.44,"141,637,390"
03/08/2019,18.46,19.04,18.39,18.94,"132,294,511"
03/11/2019,18.9,19.42,18.7,19.39,"110,884,269"
03/12/2019,19.1,19.2,18.74,18.89,"112,562,156"
03/13/2019,18.93,19.47,18.85,19.26,"102,670,875"
03/14/2019,19.5,19.69,19.22,19.33,"106,551,799"
03/15/2019,18.9,18.91,18.29,18.36,"221,783,163"
03/18/2019,18.4,18.54,17.82,17.97,"154,214,843"
03/19/2019,17.83,18.22,17.56,17.83,"177,009,617"
03/20/2019,17.98,18.33,17.75,18.24,"103,623,466"
03/21/2019,18.17,18.43,17.9,18.27,"89,206,562"
03/22/2019,18.17,18.19,17.6,17.64,"131,184,270"
03/25/2019,17.31,17.55,16.96,17.36,"153,225,592"
03/26/2019,17.63,18.02,17.63,17.85,"110,264,348"
03/27/2019,17.92,18.36,17.88,18.32,"131,687,610"
03/28/2019,18.48,18.69,18.34,18.57,"101,611,484"
03/29/2019,18.58,18.68,18.3,18.66,"89,870,162"
04/01/2019,18.84,19.28,18.75,19.28,"121,656,710"
04/02/2019,19.22,19.3,18.93,19.06,"82,184,169"
04/03/2019,19.15,19.74,19.14,19.45,"118,948,082"
04/04/2019,17.46,18.08,17.37,17.85,"355,811,315"
04/05/2019,17.99,18.41,17.74,18.33,"195,574,101"
04/08/2019,18.51,18.74,18.03,18.21,"156,156,745"
04/09/2019,18.11,18.33,17.97,18.15,"88,560,541"
04/10/2019,18.45,18.56,18.19,18.4,"105,919,819"
04/11/2019,17.89,18.03,17.71,17.89,"147,539,057"
04/12/2019,18.01,18.13,17.79,17.85,"101,189,714"
04/15/2019,17.91,17.93,17.24,17.76,"150,578,870"
04/16/2019,17.72,18.33,17.65,18.22,"109,094,062"
04/17/2019,18.32,18.32,17.9,18.08,"76,897,084"
04/18/2019,18.08,18.32,17.98,18.22,"88,144,966"
04/22/2019,17.93,17.98,17.5,17.52,"182,207,272"
04/23/2019,17.34,17.71,17.05,17.59,"164,158,069"
04/24/2019,17.59,17.69,17.2,17.24,"160,911,900"
04/25/2019,17.0,17.27,16.4,16.51,"327,741,202"
04/26/2019,16.43,16.45,15.41,15.68,"335,411,039"
04/29/2019,15.72,16.27,15.48,16.1,"250,717,457"
04/30/2019,16.14,16.28,15.8,15.91,"141,969,551"
05/01/2019,15.92,16.0,15.43,15.6,"160,565,385"
05/02/2019,16.37,16.48,15.85,16.27,"272,390,350"
05/03/2019,16.26,17.11,16.23,17.0,"355,601,885"
05/06/2019,16.67,17.22,16.57,17.02,"162,509,267"
05/07/2019,17.12,17.15,16.34,16.47,"151,971,291"
05/08/2019,16.46,16.71,16.28,16.32,"92,646,710"
05/09/2019,16.13,16.25,15.8,16.13,"100,670,818"
05/10/2019,15.98,16.13,15.73,15.97,"105,125,148"
05/13/2019,15.47,15.5,14.97,15.13,"162,522,182"
05/14/2019,15.29,15.63,15.2,15.49,"108,786,307"
05/15/2019,15.29,15.5,15.02,15.46,"109,439,752"
05/16/2019,15.3,15.4,15.1,15.22,"112,249,195"
05/17/2019,14.8,14.82,13.93,14.07,"266,800,324"
05/20/2019,13.52,13.73,13.02,13.69,"307,893,301"
05/21/2019,13.18,13.83,13.07,13.67,"270,058,747"
05/22/2019,13.27,13.6,12.79,12.85,"280,278,123"
05/23/2019,12.96,13.3,12.41,13.03,"398,207,494"
05/24/2019,13.32,13.33,12.58,12.71,"212,048,738"
05/28/2019,12.75,13.0,12.52,12.58,"154,693,644"
05/29/2019,12.47,12.83,12.34,12.66,"179,529,799"
05/30/2019,12.58,12.82,12.47,12.55,"118,897,277"
05/31/2019,12.34,12.66,12.27,12.34,"156,101,080"
06/03/2019,12.37,12.45,11.8,11.93,"195,966,336"
06/04/2019,12.07,12.93,11.97,12.91,"207,113,013"
06/05/2019,13.25,13.42,12.79,13.11,"202,661,623"
06/06/2019,13.63,14.07,13.45,13.73,"303,632,622"
06/07/2019,13.67,14.06,13.57,13.63,"240,053,152"
06/10/2019,14.02,14.46,13.93,14.19,"158,775,763"
06/11/2019,14.61,14.73,14.23,14.47,"174,803,265"
06/12/2019,14.86,14.89,13.93,13.95,"227,963,334"
06/13/2019,14.03,14.33,13.83,14.26,"122,524,011"
06/14/2019,14.08,14.44,14.03,14.33,"111,501,145"
06/17/2019,14.37,15.13,14.28,15.0,"184,752,220"
06/18/2019,15.25,15.65,14.84,14.98,"190,737,016"
06/19/2019,15.01,15.18,14.74,15.1,"98,627,111"
06/20/2019,14.87,15.13,14.42,14.64,"177,952,083"
06/21/2019,14.41,14.81,14.37,14.79,"123,031,296"
06/24/2019,14.88,15.06,14.73,14.91,"86,261,654"
06/25/2019,14.96,15.02,14.63,14.65,"92,731,145"
06/26/2019,14.69,15.15,14.54,14.62,"127,608,266"
06/27/2019,14.63,14.86,14.49,14.86,"95,095,748"
06/28/2019,14.73,15.01,14.72,14.9,"102,770,851"
07/01/2019,15.35,15.54,15.09,15.14,"123,569,587"
07/02/2019,15.26,15.28,14.81,14.97,"138,885,548"
07/03/2019,15.96,16.1,15.63,15.66,"213,017,454"
07/05/2019,15.64,15.7,15.39,15.54,"105,986,179"
07/08/2019,15.42,15.48,15.24,15.36,"88,208,221"
07/09/2019,15.26,15.4,15.15,15.34,"92,862,620"
07/10/2019,15.61,15.93,15.54,15.93,"137,186,181"
07/11/2019,15.88,16.1,15.72,15.91,"112,716,566"
07/12/2019,15.98,16.36,15.98,16.34,"138,007,942"
07/15/2019,16.53,16.96,16.32,16.9,"165,001,504"
07/16/2019,16.62,16.9,16.53,16.83,"122,234,931"
07/17/2019,17.04,17.22,16.89,16.99,"146,471,055"
07/18/2019,17.0,17.05,16.79,16.9,"71,467,303"
07/19/2019,17.05,17.33,16.97,17.21,"105,726,259"
07/22/2019,17.25,17.48,16.95,17.05,"102,694,170"
07/23/2019,17.11,17.37,16.97,17.34,"75,346,892"
07/24/2019,17.28,17.74,17.21,17.66,"166,092,771"
07/25/2019,15.57,15.63,15.04,15.25,"336,274,065"
07/26/2019,15.13,15.35,14.82,15.2,"150,415,669"
07/29/2019,15.14,15.73,15.07,15.72,"139,100,108"
07/30/2019,15.53,16.22,15.48,16.15,"121,635,335"
07/31/2019,16.2,16.45,15.78,16.11,"137,673,261"
08/01/2019,16.18,16.3,15.45,15.59,"123,892,867"
08/02/2019,15.42,15.75,15.28,15.62,"92,047,310"
08/05/2019,15.31,15.42,15.05,15.22,"105,424,278"
08/06/2019,15.46,15.5,15.05,15.38,"83,463,101"
08/07/2019,15.1,15.57,15.05,15.56,"71,647,574"
08/08/2019,15.63,15.99,15.51,15.89,"79,115,316"
08/09/2019,15.74,15.93,15.59,15.67,"58,473,720"
08/12/2019,15.53,15.72,15.25,15.27,"69,959,127"
08/13/2019,15.25,15.73,15.17,15.67,"73,035,060"
08/14/2019,15.41,15.43,14.45,14.64,"143,439,027"
08/15/2019,14.72,14.77,14.1,14.38,"123,479,407"
08/16/2019,14.44,14.82,14.4,14.66,"78,110,720"
08/19/2019,14.95,15.19,14.78,15.12,"79,676,302"
08/20/2019,15.17,15.27,14.97,15.06,"62,557,969"
08/21/2019,14.8,14.88,14.51,14.72,"116,996,280"
08/22/2019,14.85,15.03,14.55,14.81,"98,474,561"
08/23/2019,14.66,14.74,14.07,14.09,"128,395,692"
08/26/2019,14.24,14.33,14.1,14.33,"75,816,288"
08/27/2019,14.38,14.59,14.14,14.27,"81,310,989"
08/28/2019,14.25,14.48,14.15,14.37,"48,579,425"
08/29/2019,14.6,14.89,14.53,14.78,"77,746,640"
08/30/2019,15.28,15.5,14.95,15.04,"139,916,769"
09/03/2019,14.94,15.26,14.88,15.0,"80,408,258"
09/04/2019,15.13,15.23,14.61,14.71,"86,530,529"
09/05/2019,14.83,15.32,14.72,15.31,"111,049,929"
09/06/2019,15.15,15.31,15.01,15.16,"62,840,645"
09/09/2019,15.33,15.58,15.28,15.45,"72,040,094"
09/10/2019,15.39,15.7,15.26,15.7,"73,255,785"
09/11/2019,15.83,16.54,15.73,16.47,"150,641,855"
09/12/2019,16.51,16.9,16.29,16.39,"128,718,252"
09/13/2019,16.46,16.56,16.32,16.35,"79,697,257"
09/16/2019,16.4,16.5,16.08,16.19,"70,921,513"
09/17/2019,16.16,16.37,16.02,16.32,"59,203,681"
09/18/2019,16.33,16.54,16.16,16.23,"63,421,610"
09/19/2019,16.4,16.53,16.32,16.44,"73,247,085"
09/20/2019,16.43,16.46,15.88,16.04,"97,594,075"
09/23/2019,16.0,16.35,15.95,16.08,"65,874,518"
09/24/2019,16.1,16.13,14.84,14.88,"194,116,834"
09/25/2019,14.97,15.27,14.56,15.25,"141,664,420"
09/26/2019,15.38,16.22,15.16,16.17,"181,182,021"
09/27/2019,16.15,16.58,15.92,16.14,"166,847,871"
09/30/2019,16.2,16.27,15.74,16.06,"89,192,507"
10/01/2019,16.1,16.4,15.94,16.31,"92,944,445"
10/02/2019,16.22,16.31,15.96,16.21,"93,848,316"
10/03/2019,15.46,15.63,14.95,15.54,"227,066,633"
10/04/2019,15.44,15.65,15.2,15.43,"120,317,824"
10/07/2019,15.32,15.9,15.24,15.85,"121,304,465"
10/08/2019,15.72,16.26,15.63,16.0,"130,535,189"
10/09/2019,16.09,16.49,16.04,16.3,"104,025,587"
10/10/2019,16.35,16.62,16.11,16.32,"94,701,337"
10/11/2019,16.48,16.74,16.45,16.53,"127,322,516"
10/14/2019,16.53,17.24,16.48,17.13,"153,403,058"
10/15/2019,17.18,17.33,16.94,17.19,"97,191,955"
10/16/2019,17.16,17.47,17.13,17.32,"100,564,648"
10/17/2019,17.5,17.65,17.34,17.46,"71,685,704"
10/18/2019,17.38,17.52,17.01,17.13,"86,305,079"
10/21/2019,17.22,17.3,16.68,16.9,"76,621,594"
10/22/2019,16.95,17.22,16.72,17.04,"69,376,496"
10/23/2019,16.97,17.08,16.76,16.98,"168,242,858"
10/24/2019,19.89,20.33,19.28,19.98,"447,288,909"
10/25/2019,19.85,22.0,19.74,21.88,"450,091,782"
10/28/2019,21.84,22.72,21.51,21.85,"283,054,596"
10/29/2019,21.33,21.62,20.98,21.08,"190,264,215"
10/30/2019,20.87,21.25,20.66,21.0,"144,627,284"
10/31/2019,20.87,21.27,20.87,20.99,"76,004,418"
11/01/2019,21.09,21.1,20.65,20.89,"95,759,018"
11/04/2019,20.99,21.46,20.62,21.16,"131,805,735"
11/05/2019,21.31,21.57,21.07,21.15,"104,151,347"
11/06/2019,21.2,21.78,20.97,21.77,"119,114,117"
11/07/2019,21.94,22.77,21.87,22.37,"217,010,473"
11/08/2019,22.3,22.5,22.17,22.48,"91,113,409"
11/11/2019,22.93,23.28,22.8,23.01,"149,905,489"
11/12/2019,23.13,23.36,22.94,23.33,"110,390,843"
11/13/2019,23.67,23.76,23.01,23.07,"127,018,075"
11/14/2019,23.07,23.59,22.86,23.29,"97,075,645"
11/15/2019,23.38,23.52,23.22,23.48,"72,188,504"
11/18/2019,23.53,23.54,23.07,23.33,"66,127,628"
11/19/2019,23.45,24.0,23.19,23.97,"116,041,289"
11/20/2019,24.0,24.08,23.3,23.48,"101,009,564"
11/21/2019,23.63,24.06,23.6,23.66,"91,650,289"
11/22/2019,22.68,22.73,22.0,22.2,"253,059,875"
11/25/2019,22.95,22.97,22.3,22.42,"185,186,710"
11/26/2019,22.35,22.37,21.81,21.93,"119,343,708"
11/27/2019,22.07,22.26,21.9,22.09,"83,451,956"
11/29/2019,22.07,22.08,21.83,22.0,"36,984,473"
12/02/2019,21.96,22.43,21.91,22.32,"91,229,869"
12/03/2019,22.17,22.53,22.15,22.41,"99,202,242"
12/04/2019,22.52,22.52,22.19,22.2,"83,043,895"
12/05/2019,22.19,22.29,21.82,22.02,"56,054,698"
12/06/2019,22.33,22.59,22.32,22.39,"114,284,157"
12/09/2019,22.44,22.96,22.34,22.64,"135,603,394"
12/10/2019,22.66,23.38,22.62,23.26,"132,599,416"
12/11/2019,23.46,23.81,23.41,23.51,"103,787,537"
12/12/2019,23.66,24.18,23.55,23.98,"116,643,285"
12/13/2019,24.07,24.35,23.64,23.89,"97,336,315"
12/16/2019,24.17,25.57,24.17,25.43,"273,314,321"
12/17/2019,25.27,25.7,25.06,25.27,"127,556,756"
12/18/2019,25.38,26.35,25.37,26.21,"212,046,083"
12/19/2019,26.49,27.12,26.43,26.94,"271,804,944"
12/20/2019,27.35,27.53,26.68,27.04,"221,778,363"
12/23/2019,27.45,28.13,27.33,27.95,"199,992,535"
12/24/2019,27.89,28.36,27.51,28.35,"120,820,939"
12/26/2019,28.53,28.9,28.42,28.73,"159,724,499"
12/27/2019,29.0,29.02,28.41,28.69,"149,352,558"
12/30/2019,28.59,28.6,27.28,27.65,"189,019,259"
12/31/2019,27.0,28.09,26.81,27.89,"154,387,059"
01/02/2020,28.3,28.71,28.11,28.68,"143,375,922"
01/03/2020,29.37,30.27,29.13,29.53,"266,920,729"
01/06/2020,29.36,30.1,29.33,30.1,"152,362,656"
01/07/2020,30.76,31.44,30.22,31.27,"273,137,366"
01/08/2020,31.58,33.23,31.22,32.81,"467,991,286"
01/09/2020,33.14,33.25,31.52,32.09,"426,948,258"
01/10/2020,32.12,32.33,31.58,31.88,"194,652,635"
01/13/2020,32.9,35.04,32.8,34.99,"399,518,675"
01/14/2020,36.28,36.49,34.99,35.86,"435,921,103"
01/15/2020,35.32,35.86,34.45,34.57,"260,532,718"
01/16/2020,32.92,34.3,32.81,34.23,"326,050,055"
01/17/2020,33.84,34.38,33.54,34.03,"204,436,230"
01/21/2020,35.35,36.57,35.23,36.48,"267,052,339"
01/22/2020,38.13,39.63,37.27,37.97,"470,535,888"
01/23/2020,37.62,38.8,37.04,38.15,"294,765,888"
01/24/2020,38.04,38.26,36.95,37.65,"215,304,221"
01/27/2020,36.13,37.63,35.95,37.2,"204,121,260"
01/28/2020,37.9,38.45,37.21,37.79,"176,827,517"
01/29/2020,38.38,39.32,37.83,38.73,"273,250,331"
01/30/2020,42.16,43.39,41.2,42.72,"435,085,677"
01/31/2020,42.67,43.53,42.17,43.37,"235,789,292"
02/03/2020,44.91,52.41,44.9,52.0,"708,503,168"
02/04/2020,58.86,64.6,55.59,59.14,"914,082,249"
02/05/2020,54.88,56.4,46.94,48.98,"726,358,286"
02/06/2020,46.66,53.06,45.8,49.93,"598,211,924"
02/07/2020,48.7,51.32,48.67,49.87,"255,953,078"
02/10/2020,53.33,54.67,50.16,51.42,"370,337,750"
02/11/2020,51.25,52.23,50.53,51.63,"175,462,215"
02/12/2020,51.86,52.65,50.89,51.15,"180,337,220"
02/13/2020,49.46,54.53,49.0,53.6,"394,340,715"
02/14/2020,52.48,54.2,52.37,53.34,"235,405,877"
02/18/2020,56.11,57.33,55.49,57.23,"250,475,762"
02/19/2020,61.57,62.99,60.07,61.16,"381,344,807"
02/20/2020,60.8,60.8,57.33,59.96,"264,523,637"
02/21/2020,60.47,60.87,58.7,60.07,"215,091,956"
02/24/2020,55.93,57.57,54.81,55.59,"227,882,634"
02/25/2020,56.6,57.11,52.47,53.33,"259,357,466"
02/26/2020,52.17,54.22,51.74,51.92,"212,307,818"
02/27/2020,48.67,49.32,44.6,45.27,"364,157,744"
02/28/2020,41.98,46.03,40.77,44.53,"368,462,958"
03/02/2020,47.42,49.58,45.78,49.57,"302,925,161"
03/03/2020,53.67,53.8,47.74,49.7,"386,760,427"
03/04/2020,50.93,51.1,48.32,49.97,"225,734,932"
03/05/2020,48.25,49.72,47.87,48.3,"162,790,067"
03/06/2020,46.0,47.13,45.62,46.9,"189,943,995"
03/09/2020,40.36,44.2,40.33,40.53,"256,106,333"
03/10/2020,43.96,44.53,40.53,43.02,"233,916,855"
03/11/2020,42.68,43.57,40.87,42.28,"201,204,057"
03/12/2020,38.73,39.63,36.42,37.37,"283,636,056"
03/13/2020,39.67,40.5,33.47,36.44,"339,604,069"
03/16/2020,31.3,32.99,29.48,29.67,"307,342,171"
03/17/2020,29.33,31.46,26.4,28.68,"359,919,040"
03/18/2020,25.93,26.99,23.37,24.08,"356,792,766"
03/19/2020,24.98,30.13,23.9,28.51,"452,932,290"
03/20/2020,29.21,31.8,28.39,28.5,"424,282,906"
03/23/2020,28.91,29.47,27.37,28.95,"246,818,518"
03/24/2020,31.82,34.25,31.6,33.67,"343,427,873"
03/25/2020,36.35,37.13,34.07,35.95,"318,341,607"
03/26/2020,36.49,37.33,34.15,35.21,"261,331,468"
03/27/2020,33.67,35.05,32.94,34.29,"215,661,341"
03/30/2020,34.02,34.44,32.75,33.48,"179,971,220"
03/31/2020,33.42,36.2,33.13,34.93,"266,572,624"
04/01/2020,33.6,34.26,31.67,32.1,"200,297,891"
04/02/2020,32.07,32.95,29.76,30.3,"297,876,786"
04/03/2020,33.97,34.37,31.23,32.0,"338,431,548"
04/06/2020,34.08,34.73,33.2,34.42,"223,527,830"
04/07/2020,36.33,37.67,35.49,36.36,"268,796,931"
04/08/2020,36.95,37.15,35.56,36.59,"189,840,480"
04/09/2020,37.47,38.35,37.14,38.2,"204,750,195"
04/13/2020,39.34,43.47,38.7,43.4,"337,131,586"
04/14/2020,46.6,49.46,46.16,47.33,"458,648,121"
04/15/2020,49.47,50.21,47.33,48.66,"353,655,363"
04/16/2020,47.8,50.63,47.11,49.68,"309,868,173"
04/17/2020,51.49,51.66,49.84,50.26,"196,923,637"
04/20/2020,48.85,51.04,47.48,49.76,"221,195,732"
04/21/2020,48.67,50.22,44.92,45.78,"303,136,631"
04/22/2020,46.93,48.93,45.91,48.81,"213,372,654"
04/23/2020,48.51,48.93,46.88,47.04,"198,550,704"
04/24/2020,47.39,48.72,46.55,48.34,"198,564,339"
04/27/2020,49.17,53.3,49.0,53.25,"310,221,904"
04/28/2020,53.04,53.67,50.45,51.27,"228,329,634"
04/29/2020,52.68,53.55,52.21,53.37,"243,239,935"
04/30/2020,57.01,57.99,50.9,52.13,"427,078,159"
05/01/2020,50.33,51.52,45.54,46.75,"487,977,636"
05/04/2020,46.73,50.8,46.53,50.75,"288,556,616"
05/05/2020,52.65,53.26,50.81,51.21,"254,875,132"
05/06/2020,51.77,52.65,50.74,52.17,"166,848,606"
05/07/2020,51.81,53.09,51.49,52.0,"172,915,513"
05/08/2020,52.92,54.93,52.47,54.63,"241,951,553"
05/11/2020,52.7,54.93,52.33,54.09,"247,794,254"
05/12/2020,55.13,56.22,53.87,53.96,"238,603,895"
05/13/2020,54.72,55.07,50.89,52.73,"285,982,644"
05/14/2020,52.0,53.56,50.93,53.56,"205,233,031"
05/15/2020,52.69,53.67,52.44,53.28,"157,776,582"
05/18/2020,55.19,55.65,53.59,54.24,"175,471,650"
05/19/2020,54.34,54.8,53.74,53.87,"144,547,963"
05/20/2020,54.7,55.07,54.12,54.37,"109,639,178"
05/21/2020,54.4,55.5,53.07,55.17,"183,818,874"
05/22/2020,54.81,55.45,54.13,54.46,"149,812,309"
05/26/2020,55.63,55.64,54.38,54.59,"121,346,165"
05/27/2020,54.72,55.18,52.33,54.68,"173,243,113"
05/28/2020,54.23,54.98,53.45,53.72,"109,136,707"
05/29/2020,53.92,55.67,53.61,55.67,"177,187,517"
06/01/2020,57.2,59.93,56.94,59.87,"226,279,732"
06/02/2020,59.65,60.58,58.07,58.77,"203,484,194"
06/03/2020,59.21,59.86,58.67,58.86,"119,242,142"
06/04/2020,59.33,59.72,57.23,57.63,"133,315,832"
06/05/2020,58.52,59.1,57.75,59.04,"117,178,875"
06/08/2020,61.27,63.33,60.61,63.33,"212,621,138"
06/09/2020,62.67,63.63,61.6,62.71,"170,822,410"
06/10/2020,66.13,68.5,65.5,68.34,"278,451,406"
06/11/2020,66.01,67.93,64.8,64.86,"238,747,460"
06/12/2020,65.33,65.87,60.84,62.35,"251,450,763"
06/15/2020,61.19,66.59,60.57,66.06,"235,457,942"
06/16/2020,67.46,67.53,64.16,65.48,"210,766,416"
06/17/2020,65.85,67.0,65.5,66.12,"148,362,152"
06/18/2020,66.87,67.95,66.3,66.93,"146,279,190"
06/19/2020,67.52,67.73,66.09,66.73,"130,196,369"
06/22/2020,66.66,67.26,66.0,66.29,"95,435,348"
06/23/2020,66.59,67.47,66.27,66.79,"95,479,148"
06/24/2020,66.27,66.73,63.54,64.06,"164,394,004"
06/25/2020,63.62,65.73,62.48,65.73,"138,818,363"
06/26/2020,66.32,66.33,63.66,63.98,"132,823,756"
06/29/2020,64.6,67.33,63.23,67.29,"135,396,184"
06/30/2020,67.1,72.51,66.92,71.99,"253,777,731"
07/01/2020,72.2,75.69,72.03,74.64,"199,903,735"
07/02/2020,81.43,81.87,79.04,80.58,"258,752,051"
07/06/2020,85.11,91.85,84.4,91.44,"308,548,172"
07/07/2020,93.67,95.3,89.11,92.66,"322,345,201"
07/08/2020,93.67,94.48,87.42,91.06,"244,669,856"
07/09/2020,93.13,93.9,90.09,92.95,"175,764,181"
07/10/2020,93.07,103.26,91.73,102.98,"350,063,655"
07/13/2020,110.6,119.67,98.07,99.8,"584,780,986"
07/14/2020,103.73,106.0,95.4,101.12,"351,272,446"
07/15/2020,102.87,103.33,97.13,103.07,"245,517,717"
07/16/2020,98.48,102.11,97.73,100.04,"214,512,070"
07/17/2020,100.9,102.5,99.33,100.06,"139,949,709"
07/20/2020,101.27,110.0,99.2,109.53,"256,820,799"
07/21/2020,109.33,111.67,103.87,104.56,"242,359,449"
07/22/2020,106.6,108.43,104.13,106.16,"212,416,418"
07/23/2020,111.93,112.6,98.72,100.87,"364,927,845"
07/24/2020,94.4,97.67,91.1,94.47,"290,949,554"
07/27/2020,95.67,103.2,94.2,102.64,"240,730,297"
07/28/2020,100.27,104.31,98.29,98.43,"237,130,744"
07/29/2020,100.07,102.32,99.13,99.94,"141,403,540"
07/30/2020,99.2,100.88,98.07,99.17,"114,315,717"
07/31/2020,101.0,101.14,94.73,95.38,"183,704,619"
08/03/2020,96.61,100.65,96.29,99.0,"132,140,311"
08/04/2020,99.67,101.83,97.47,99.13,"126,224,965"
08/05/2020,99.53,99.99,97.89,99.0,"74,670,302"
08/06/2020,99.39,101.15,98.48,99.31,"89,884,772"
08/07/2020,99.97,99.98,94.33,96.85,"133,446,437"
08/10/2020,96.53,97.17,92.39,94.57,"112,834,076"
08/11/2020,93.07,94.67,91.0,91.63,"129,387,613"
08/12/2020,98.0,105.67,95.67,103.65,"328,482,787"
08/13/2020,107.4,110.08,104.48,108.07,"306,379,980"
08/14/2020,111.0,111.25,108.44,110.05,"188,664,344"
08/17/2020,111.8,123.06,111.52,122.38,"303,635,082"
08/18/2020,126.6,128.26,123.01,125.81,"247,117,574"
08/19/2020,124.33,127.4,122.75,125.24,"183,080,138"
08/20/2020,124.05,134.8,123.8,133.46,"309,177,333"
08/21/2020,136.32,139.7,135.0,136.67,"322,343,746"
08/24/2020,141.75,141.93,128.5,134.28,"300,954,594"
08/25/2020,131.66,135.2,131.2,134.89,"159,883,514"
08/26/2020,137.33,144.4,136.91,143.54,"213,590,919"
08/27/2020,145.36,153.04,142.83,149.25,"355,395,950"
08/28/2020,153.01,154.57,145.77,147.56,"301,217,979"
08/31/2020,148.2,166.71,146.7,166.11,"355,123,588"
09/01/2020,167.38,167.5,156.84,158.35,"270,358,548"
09/02/2020,159.66,159.68,135.04,149.12,"288,528,652"
09/03/2020,135.74,143.93,134.0,135.67,"262,788,532"
09/04/2020,134.27,142.67,124.01,139.44,"330,966,063"
09/08/2020,118.67,122.91,109.96,110.07,"346,397,446"
09/09/2020,118.87,123.0,113.84,122.09,"238,397,546"
09/10/2020,128.74,133.0,120.19,123.78,"254,792,092"
09/11/2020,127.31,127.5,120.17,124.24,"182,152,561"
09/14/2020,126.98,140.0,124.43,139.87,"249,062,087"
09/15/2020,145.52,153.98,143.57,149.92,"291,895,006"
09/16/2020,146.62,152.6,145.1,147.25,"217,640,501"
09/17/2020,138.53,145.93,136.0,141.14,"230,337,708"
09/18/2020,149.31,150.33,142.93,147.38,"259,220,706"
09/21/2020,151.04,151.89,135.69,149.8,"328,430,733"
09/22/2020,143.2,145.92,139.2,141.41,"238,742,640"
09/23/2020,135.05,137.38,125.29,126.79,"285,222,837"
09/24/2020,121.27,133.17,117.1,129.26,"289,683,443"
09/25/2020,131.16,136.24,130.43,135.78,"201,625,593"
09/28/2020,141.54,142.69,138.52,140.4,"149,158,808"
09/29/2020,138.67,142.83,137.2,139.69,"151,024,351"
09/30/2020,140.44,144.64,140.16,143.0,"144,436,837"
10/01/2020,146.92,149.63,144.81,149.39,"152,224,494"
10/02/2020,140.46,146.38,138.33,138.36,"214,290,316"
10/05/2020,141.12,144.55,139.78,141.89,"134,168,519"
10/06/2020,141.26,142.93,135.35,137.99,"147,438,940"
10/07/2020,139.96,143.3,137.95,141.77,"129,383,268"
10/08/2020,146.15,146.33,141.77,141.97,"121,263,489"
10/09/2020,143.38,144.86,142.15,144.67,"86,777,064"
10/12/2020,147.33,149.58,146.19,147.43,"116,373,508"
10/13/2020,147.78,149.63,145.53,148.88,"103,391,124"
10/14/2020,149.93,155.3,149.12,153.77,"144,136,311"
10/15/2020,150.1,152.19,147.5,149.63,"107,017,168"
10/16/2020,151.48,151.98,146.28,146.56,"98,327,739"
10/19/2020,148.75,149.0,142.96,143.61,"108,863,633"
10/20/2020,143.92,143.92,139.68,140.65,"94,968,954"
10/21/2020,140.9,144.32,140.42,140.88,"97,111,466"
10/22/2020,147.31,148.41,141.5,141.93,"119,979,698"
10/23/2020,140.61,140.96,135.79,140.21,"101,151,045"
10/26/2020,137.21,141.92,136.67,140.09,"84,717,568"
10/27/2020,141.25,143.5,140.03,141.56,"68,059,601"
10/28/2020,138.83,139.53,135.33,135.34,"76,354,304"
10/29/2020,136.65,139.35,135.49,136.94,"67,966,004"
10/30/2020,135.63,135.86,126.37,129.35,"127,763,056"
11/02/2020,131.33,135.66,130.77,133.5,"87,063,448"
11/03/2020,136.58,142.59,135.56,141.3,"103,055,264"
11/04/2020,143.54,145.13,139.03,140.33,"96,429,277"
11/05/2020,142.77,146.67,141.33,146.03,"85,243,649"
11/06/2020,145.37,145.52,141.43,143.32,"65,118,098"
11/09/2020,146.5,150.83,140.33,140.42,"104,499,202"
11/10/2020,140.03,140.03,132.01,136.79,"90,852,758"
11/11/2020,138.82,139.56,136.86,139.04,"52,073,217"
11/12/2020,138.35,141.0,136.51,137.25,"59,821,562"
11/13/2020,136.95,137.51,133.89,136.17,"59,491,112"
11/16/2020,136.31,137.48,134.7,136.03,"80,516,001"
11/17/2020,153.39,154.0,144.34,147.2,"183,565,022"
11/18/2020,149.45,165.33,147.83,162.21,"234,132,292"
11/19/2020,164.0,169.54,162.52,166.42,"187,426,239"
11/20/2020,166.0,167.5,163.02,163.2,"98,735,869"
11/23/2020,167.83,175.33,167.26,173.95,"150,781,060"
11/24/2020,180.13,186.66,175.4,185.13,"160,945,620"
11/25/2020,183.35,191.33,181.79,191.33,"146,790,645"
11/27/2020,193.72,199.59,192.82,195.25,"112,683,351"
11/30/2020,200.74,202.6,184.84,189.2,"189,009,326"
12/01/2020,199.2,199.28,190.68,194.92,"121,148,622"
12/02/2020,185.48,190.51,180.4,189.61,"143,327,093"
12/03/2020,196.67,199.66,194.14,197.79,"127,656,133"
12/04/2020,197.0,199.68,195.17,199.68,"88,204,025"
12/07/2020,201.64,216.26,201.02,213.92,"168,929,309"
12/07/2020,201.64,216.26,201.02,213.92,"168,929,309"
12/08/2020,208.5,217.09,206.17,216.63,"192,795,282"
12/09/2020,217.9,218.11,196.0,201.49,"213,873,808"
12/10/2020,191.46,209.25,188.78,209.02,"201,249,654"
12/11/2020,205.0,208.0,198.93,203.33,"139,425,040"
12/14/2020,206.33,214.25,203.4,213.28,"156,122,098"
12/15/2020,214.43,215.63,207.93,211.08,"135,670,818"
12/16/2020,209.41,210.83,201.67,207.59,"126,287,559"
12/17/2020,209.4,219.61,206.5,218.63,"168,810,599"
12/18/2020,222.97,231.67,209.51,231.67,"666,379,303"
12/21/2020,222.08,222.83,215.36,216.62,"174,135,979"
12/22/2020,216.0,216.63,204.74,213.45,"155,585,073"
12/23/2020,210.73,217.17,207.52,215.33,"99,519,011"
12/24/2020,214.33,222.03,213.67,220.59,"68,596,775"
12/28/2020,224.84,227.13,220.27,221.23,"96,835,784"
12/29/2020,220.33,223.3,218.33,222.0,"68,732,499"
12/30/2020,224.0,232.2,222.79,231.59,"128,538,194"
12/31/2020,233.33,239.57,230.37,235.22,"148,949,921"
01/04/2021,239.82,248.16,239.06,243.26,"145,914,737"
01/05/2021,241.22,246.95,239.73,245.04,"96,735,611"
01/06/2021,252.83,258.0,249.7,251.99,"134,100,047"
01/07/2021,259.21,272.33,258.4,272.01,"154,497,008"
01/08/2021,285.33,294.83,279.46,293.34,"225,166,828"
01/11/2021,283.13,284.81,267.87,270.4,"178,662,621"
01/12/2021,277.0,289.33,275.78,283.15,"138,812,302"
01/13/2021,284.25,286.82,277.33,284.8,"99,937,592"
01/14/2021,281.13,287.67,279.58,281.67,"93,799,082"
01/15/2021,284.0,286.63,273.03,275.39,"116,332,927"
01/19/2021,279.27,283.33,277.67,281.52,"76,101,016"
01/20/2021,286.25,286.5,279.09,283.48,"76,997,723"
01/21/2021,285.0,285.24,280.47,281.66,"61,794,457"
01/22/2021,278.1,282.67,276.21,282.21,"60,199,563"
01/25/2021,285.0,300.13,279.61,293.6,"123,520,323"
01/26/2021,297.13,298.63,290.53,294.36,"69,394,872"
01/27/2021,290.12,297.17,286.22,288.05,"82,001,968"
01/28/2021,273.33,282.67,267.0,278.48,"79,134,229"
01/29/2021,276.67,280.8,260.03,264.51,"104,972,371"
02/01/2021,271.43,280.67,265.19,279.94,"76,174,252"
02/02/2021,281.56,293.5,280.73,290.93,"73,038,709"
02/03/2021,292.34,292.69,284.35,284.9,"55,030,587"
02/04/2021,285.0,285.5,277.81,283.33,"47,438,029"
02/05/2021,281.67,288.26,279.66,284.08,"55,699,981"
02/08/2021,289.89,292.59,284.92,287.81,"60,485,226"
02/09/2021,285.04,286.6,280.58,283.15,"45,472,997"
02/10/2021,281.21,281.61,266.67,268.27,"108,648,383"
02/11/2021,270.81,276.63,267.24,270.55,"64,868,318"
02/12/2021,267.09,272.44,261.78,272.04,"71,305,010"
02/16/2021,272.67,273.67,264.15,265.41,"59,407,022"
02/17/2021,259.7,266.61,254.0,266.05,"78,236,776"
02/18/2021,260.3,264.9,258.76,262.46,"53,871,239"
02/19/2021,265.0,265.6,259.12,260.43,"56,874,839"
02/22/2021,254.21,256.17,236.73,238.17,"111,809,274"
02/23/2021,220.71,237.87,206.33,232.95,"199,820,857"
02/24/2021,237.28,248.33,231.39,247.34,"110,300,974"
02/25/2021,242.05,245.74,223.53,227.41,"117,071,699"
02/26/2021,233.33,235.57,219.84,225.17,"123,267,632"
03/01/2021,230.04,290.67,228.35,239.48,"81,408,811"
03/02/2021,239.43,240.37,228.33,228.81,"71,196,554"
03/03/2021,229.33,233.57,217.23,217.73,"90,623,977"
03/04/2021,218.6,291.31,200.0,207.15,"197,758,775"
03/05/2021,208.69,209.28,179.83,199.32,"268,189,662"
03/08/2021,200.18,206.71,186.26,187.67,"155,361,045"
03/09/2021,202.73,226.03,198.4,224.53,"202,570,195"
03/10/2021,233.43,239.28,218.35,222.69,"181,817,205"
03/11/2021,233.13,234.17,225.73,233.2,"108,761,774"
03/12/2021,223.33,231.63,222.05,231.24,"100,751,625"
03/15/2021,231.36,237.73,228.01,235.98,"88,270,538"
03/16/2021,234.45,235.97,223.67,225.63,"96,587,111"
03/17/2021,218.96,234.58,217.0,233.94,"121,117,473"
03/18/2021,228.1,229.74,217.33,217.72,"100,107,164"
03/19/2021,215.53,219.08,208.21,218.29,"128,682,074"
03/22/2021,228.2,233.21,222.92,223.33,"118,536,781"
03/23/2021,225.26,225.93,219.17,220.72,"91,475,702"
03/24/2021,222.64,222.67,210.04,210.09,"101,385,610"
03/25/2021,204.33,215.17,203.17,213.46,"117,674,667"
03/26/2021,213.96,214.61,199.96,206.24,"101,558,602"
03/29/2021,205.21,205.49,198.67,203.76,"85,911,054"
03/30/2021,200.58,212.55,197.0,211.87,"118,297,200"
03/31/2021,215.54,224.0,213.7,222.64,"100,011,971"
04/01/2021,229.46,230.81,219.81,220.58,"105,895,247"
04/05/2021,235.9,236.05,228.23,230.35,"125,528,441"
04/06/2021,230.1,232.18,227.12,230.54,"84,815,608"
04/07/2021,229.0,230.46,222.61,223.66,"78,928,378"
04/08/2021,225.79,229.85,223.88,227.93,"71,773,059"
04/09/2021,225.92,226.99,223.14,225.67,"64,311,337"
04/12/2021,228.57,234.93,227.36,233.99,"87,407,101"
04/13/2021,237.57,254.33,236.89,254.11,"133,958,567"
04/14/2021,256.9,260.26,242.68,244.08,"147,052,443"
04/15/2021,247.7,247.9,240.44,246.28,"83,546,781"
04/16/2021,242.88,249.8,241.53,246.59,"83,938,668"
04/19/2021,239.87,241.8,230.6,238.21,"119,058,814"
04/20/2021,239.14,245.75,236.89,239.66,"106,827,228"
04/21/2021,234.92,248.28,232.67,248.04,"93,646,622"
04/22/2021,247.17,251.26,239.35,239.9,"106,770,897"
04/23/2021,239.93,245.79,238.49,243.13,"85,241,756"
04/26/2021,247.0,249.77,244.2,246.07,"93,115,591"
04/27/2021,239.32,241.33,234.45,234.91,"88,311,098"
04/28/2021,232.14,236.17,231.2,231.47,"66,813,223"
04/29/2021,233.17,234.08,222.83,225.67,"86,536,431"
04/30/2021,222.53,238.49,222.05,236.48,"122,276,284"
05/03/2021,234.6,235.33,226.83,228.3,"81,129,502"
05/04/2021,226.31,227.82,219.23,224.53,"89,218,053"
05/05/2021,227.02,228.43,222.45,223.65,"65,705,741"
05/06/2021,226.92,227.01,216.67,221.18,"83,353,944"
05/07/2021,221.93,230.0,220.07,224.12,"70,407,577"
05/10/2021,221.63,221.68,209.2,209.68,"94,177,352"
05/11/2021,199.75,209.03,198.53,205.73,"139,511,839"
05/12/2021,200.83,206.8,195.59,196.63,"101,471,050"
05/13/2021,200.51,202.15,186.55,190.56,"132,554,904"
05/14/2021,194.47,197.62,190.15,196.58,"100,112,681"
05/17/2021,191.85,196.58,187.07,192.28,"96,743,510"
05/18/2021,189.33,198.75,187.79,192.62,"110,491,813"
05/19/2021,184.18,188.74,182.33,187.82,"118,735,318"
05/20/2021,191.67,196.28,190.36,195.59,"92,463,453"
05/21/2021,198.7,198.89,193.33,193.63,"78,091,881"
05/24/2021,193.87,204.83,191.22,202.15,"103,674,378"
05/25/2021,202.44,204.66,198.57,201.56,"84,017,872"
05/26/2021,202.52,208.72,200.5,206.38,"85,918,017"
05/27/2021,206.75,210.38,205.4,210.28,"79,111,858"
05/28/2021,209.5,211.86,207.46,208.41,"68,211,188"
06/01/2021,209.27,211.27,206.85,207.97,"54,254,730"
06/02/2021,206.71,207.79,199.71,201.71,"69,908,404"
06/03/2021,200.6,201.52,190.41,190.95,"90,335,761"
06/04/2021,193.24,200.2,192.4,199.68,"72,110,769"
06/07/2021,197.27,203.33,194.29,201.71,"67,631,110"
06/08/2021,207.67,207.7,198.5,201.2,"78,160,305"
06/09/2021,200.72,203.93,199.21,199.59,"49,753,756"
06/10/2021,201.29,205.53,200.17,203.37,"71,758,896"
06/11/2021,203.41,204.19,200.51,203.3,"48,615,951"
06/14/2021,204.08,208.5,203.06,205.9,"61,272,004"
06/15/2021,205.56,205.6,199.41,199.79,"53,292,506"
06/16/2021,199.18,202.83,197.83,201.62,"66,432,462"
06/17/2021,200.63,207.16,200.45,205.53,"68,104,121"
06/18/2021,204.46,209.45,203.93,207.77,"73,682,807"
06/21/2021,208.16,210.46,202.96,206.94,"74,438,286"
06/22/2021,206.08,209.52,205.17,207.9,"57,476,733"
06/23/2021,210.67,219.07,210.01,218.86,"93,297,784"
06/24/2021,225.0,232.54,222.54,226.61,"137,947,305"
06/25/2021,229.86,231.27,222.9,223.96,"97,490,235"
06/28/2021,223.88,231.57,223.44,229.57,"64,884,548"
06/29/2021,228.22,229.17,225.3,226.92,"52,143,987"
06/30/2021,226.59,230.94,226.05,226.57,"56,774,636"
07/01/2021,227.97,229.33,224.27,225.97,"55,903,618"
07/02/2021,226.33,233.33,224.42,226.3,"81,292,192"
07/06/2021,227.24,228.0,217.13,219.86,"69,853,414"
07/07/2021,221.42,221.9,212.77,214.88,"56,375,942"
07/08/2021,209.46,218.14,206.82,217.6,"68,320,031"
07/09/2021,217.73,219.64,214.9,218.98,"54,421,710"
07/12/2021,220.73,229.08,220.72,228.57,"77,781,198"
07/13/2021,228.77,231.09,222.1,222.85,"62,898,336"
07/14/2021,223.58,226.2,217.61,217.79,"64,923,635"
07/15/2021,219.46,222.05,212.63,216.87,"60,628,773"
07/16/2021,218.23,218.9,214.07,214.74,"49,112,961"
07/19/2021,209.96,215.73,207.1,215.41,"63,891,337"
07/20/2021,217.33,220.8,213.5,220.17,"46,461,435"
07/21/2021,219.87,221.62,216.76,218.43,"41,860,064"
07/22/2021,218.81,220.72,214.87,216.42,"45,317,237"
07/23/2021,215.45,216.27,212.43,214.46,"43,814,863"
07/26/2021,216.99,222.73,215.7,219.21,"76,009,762"
07/27/2021,221.13,222.17,209.08,214.93,"98,439,970"
07/28/2021,215.66,218.32,213.13,215.66,"48,019,853"
07/29/2021,216.6,227.9,216.27,225.78,"91,184,018"
07/30/2021,223.92,232.51,223.0,229.07,"88,969,323"
08/02/2021,233.33,242.31,232.8,236.56,"100,847,415"
08/03/2021,239.67,240.88,233.67,236.58,"64,860,818"
08/04/2021,237.0,241.63,236.31,236.97,"51,008,003"
08/05/2021,238.67,240.32,237.14,238.21,"38,758,960"
08/06/2021,237.3,238.78,232.54,233.03,"46,869,196"
08/09/2021,236.72,239.68,235.04,237.92,"44,146,093"
08/10/2021,238.0,238.86,233.96,236.66,"40,296,969"
08/11/2021,237.57,238.39,234.74,235.94,"29,401,705"
08/12/2021,235.45,240.93,233.13,240.75,"53,045,122"
08/13/2021,241.24,243.3,238.11,239.06,"50,194,459"
08/16/2021,235.02,236.5,225.47,228.72,"69,309,969"
08/17/2021,224.22,224.86,216.28,221.9,"71,163,911"
08/18/2021,223.25,231.92,223.12,229.66,"61,048,207"
08/19/2021,226.07,228.85,222.53,224.49,"42,940,512"
08/20/2021,227.62,230.71,224.57,226.75,"44,525,653"
08/23/2021,228.48,237.38,226.92,235.43,"60,794,640"
08/24/2021,236.89,238.41,234.21,236.16,"39,249,248"
08/25/2021,235.68,238.99,234.67,237.07,"37,936,720"
08/26/2021,236.1,238.47,232.54,233.72,"39,642,908"
08/27/2021,235.0,238.33,234.03,237.31,"41,501,323"
08/30/2021,238.24,243.67,237.58,243.64,"55,812,721"
08/31/2021,244.33,246.8,242.15,245.24,"62,566,382"
09/01/2021,244.69,247.33,243.76,244.7,"39,613,061"
09/02/2021,244.83,246.99,243.51,244.13,"38,390,260"
09/03/2021,244.08,244.67,241.4,244.52,"45,813,195"
09/07/2021,246.67,253.4,246.42,250.97,"60,119,553"
09/08/2021,253.86,254.82,246.92,251.29,"56,379,176"
09/09/2021,251.14,254.03,250.54,251.62,"42,233,231"
09/10/2021,253.2,254.2,244.84,245.42,"45,552,554"
09/13/2021,246.74,248.26,236.28,247.67,"68,857,512"
09/14/2021,247.52,251.49,245.47,248.16,"55,574,701"
09/15/2021,248.33,252.29,246.12,251.94,"46,073,115"
09/16/2021,250.94,252.97,249.2,252.33,"41,770,211"
09/17/2021,252.38,253.68,250.0,253.16,"84,612,622"
09/20/2021,244.85,247.33,239.54,243.39,"74,273,021"
09/21/2021,244.93,248.25,243.48,246.46,"48,992,211"
09/22/2021,247.84,251.22,246.37,250.65,"45,378,857"
09/23/2021,251.67,252.73,249.31,251.21,"35,842,624"
09/24/2021,248.63,258.27,248.19,258.13,"64,119,127"
09/27/2021,257.71,266.33,256.44,263.79,"84,212,062"
09/28/2021,262.4,265.21,255.39,259.19,"76,144,333"
09/29/2021,259.93,264.5,256.89,260.44,"62,828,708"
09/30/2021,260.33,263.04,258.33,258.49,"53,867,939"
10/01/2021,259.47,260.26,254.53,258.41,"51,094,283"
10/04/2021,265.5,268.99,258.71,260.51,"91,450,109"
10/05/2021,261.6,265.77,258.07,260.2,"55,297,951"
10/06/2021,258.73,262.22,257.74,260.92,"43,898,353"
10/07/2021,261.82,268.33,261.13,264.54,"57,587,397"
10/08/2021,265.4,265.46,260.3,261.83,"50,215,852"
10/11/2021,262.55,267.08,261.83,263.98,"42,601,004"
10/12/2021,266.98,270.77,265.52,268.57,"66,060,186"
10/13/2021,270.16,271.8,268.59,270.36,"42,360,284"
10/14/2021,271.83,273.42,271.12,272.77,"36,741,545"
10/15/2021,274.58,281.07,274.12,281.01,"56,773,769"
10/18/2021,283.93,291.75,283.82,290.04,"72,621,790"
10/19/2021,292.51,292.65,287.5,288.09,"52,143,447"
10/20/2021,288.45,289.83,285.79,288.6,"42,096,191"
10/21/2021,285.33,300.0,285.17,298.0,"94,444,439"
10/22/2021,298.5,303.33,296.99,303.23,"68,642,592"
10/25/2021,316.84,348.34,314.73,341.62,"188,556,490"
10/26/2021,341.56,364.98,333.81,339.48,"187,245,090"
10/27/2021,346.55,356.96,343.59,345.95,"115,579,503"
10/28/2021,356.1,360.33,351.4,359.01,"81,639,589"
10/29/2021,360.62,371.74,357.73,371.33,"89,755,342"
11/01/2021,381.67,403.25,372.89,402.86,"168,146,332"
11/02/2021,386.45,402.86,382.0,390.67,"128,213,537"
11/03/2021,392.44,405.13,384.21,404.62,"103,885,668"
11/04/2021,411.47,414.5,405.67,409.97,"76,192,303"
11/05/2021,409.33,413.29,402.67,407.36,"64,886,501"
11/08/2021,383.26,399.0,377.67,387.65,"100,337,262"
11/09/2021,391.2,391.5,337.17,341.17,"177,317,717"
11/10/2021,336.8,359.37,329.1,355.98,"128,408,291"
11/11/2021,367.59,368.32,351.56,354.5,"67,189,774"
11/12/2021,349.17,351.5,339.73,344.47,"76,719,530"
11/15/2021,339.21,343.99,326.2,337.8,"104,327,053"
11/16/2021,334.44,352.4,334.06,351.58,"79,627,154"
11/17/2021,354.5,373.21,351.83,363.0,"94,336,199"
11/18/2021,368.85,370.67,358.34,365.46,"62,696,855"
11/19/2021,366.29,379.57,364.23,379.02,"64,926,848"
11/22/2021,387.44,400.65,377.48,385.62,"99,217,639"
11/23/2021,389.17,393.5,354.23,369.68,"108,515,210"
11/24/2021,360.13,377.59,354.0,372.0,"67,680,791"
11/26/2021,366.49,369.59,360.33,360.64,"35,042,704"
11/29/2021,367.0,380.89,366.73,379.0,"58,393,474"
11/30/2021,381.46,389.33,372.67,381.59,"81,276,214"
12/01/2021,386.9,390.95,363.59,365.0,"68,804,163"
12/02/2021,366.35,371.0,352.22,361.53,"73,114,927"
12/03/2021,361.6,363.52,333.4,338.32,"92,322,096"
12/06/2021,333.84,340.55,316.83,336.34,"81,663,202"
12/06/2021,333.84,340.55,316.83,336.34,"81,663,202"
12/07/2021,348.07,352.56,342.27,350.58,"56,084,635"
12/08/2021,350.9,357.46,344.33,356.32,"41,906,411"
12/09/2021,353.55,354.16,334.12,334.6,"59,438,552"
12/10/2021,336.25,340.33,327.51,339.01,"59,664,419"
12/13/2021,333.7,335.0,317.14,322.14,"78,595,576"
12/14/2021,315.0,322.14,310.0,319.5,"70,806,338"
12/15/2021,317.74,326.25,309.42,325.33,"75,169,302"
12/16/2021,331.5,331.66,307.28,308.97,"82,771,526"
12/17/2021,304.92,320.22,303.01,310.86,"100,880,367"
12/20/2021,303.57,307.23,297.8,299.98,"56,480,069"
12/21/2021,305.62,313.17,295.37,312.84,"71,518,011"
12/22/2021,321.89,338.55,319.02,336.29,"93,634,175"
12/23/2021,335.6,357.66,332.52,355.67,"92,713,387"
12/27/2021,357.89,372.33,356.9,364.65,"71,145,887"
12/28/2021,369.83,373.0,359.47,362.82,"60,323,976"
12/29/2021,366.21,368.0,354.71,362.06,"56,154,119"
12/30/2021,353.78,365.18,351.05,356.78,"47,040,976"
12/31/2021,357.81,360.67,351.53,352.26,"40,733,685"
01/03/2022,382.58,400.36,378.68,399.93,"104,686,165"
01/04/2022,396.52,402.67,374.35,383.2,"100,248,374"
01/05/2022,382.22,390.11,360.34,362.71,"80,119,877"
01/06/2022,359.0,362.67,340.17,354.9,"90,336,574"
01/07/2022,360.12,360.31,336.67,342.32,"84,164,848"
01/10/2022,333.33,353.03,326.67,352.71,"91,814,979"
01/11/2022,351.22,358.62,346.27,354.8,"66,063,279"
01/12/2022,359.62,371.61,357.53,368.74,"83,739,111"
01/13/2022,369.69,371.87,342.18,343.85,"97,209,869"
01/14/2022,339.96,350.67,337.79,349.87,"72,924,493"
01/18/2022,342.2,356.93,338.69,343.5,"66,989,473"
01/19/2022,347.23,351.56,331.67,331.88,"75,442,579"
01/20/2022,336.58,347.22,331.33,332.09,"70,488,817"
01/21/2022,332.11,334.85,313.5,314.63,"103,416,132"
01/24/2022,301.59,311.17,283.82,310.0,"152,375,292"
01/25/2022,304.73,317.09,301.07,306.13,"86,595,987"
01/26/2022,317.48,329.23,302.0,312.47,"104,867,395"
01/27/2022,311.12,311.8,276.33,276.37,"147,109,701"
01/28/2022,277.19,285.83,264.0,282.12,"134,789,084"
01/31/2022,290.9,312.66,287.35,312.24,"104,436,202"
02/01/2022,311.74,314.57,301.67,310.42,"73,138,423"
02/02/2022,309.39,310.5,296.47,301.89,"66,793,120"
02/03/2022,294.0,312.33,293.51,297.05,"78,855,655"
02/04/2022,299.07,312.17,293.72,307.77,"73,625,531"
02/07/2022,307.93,315.92,300.9,302.45,"60,994,534"
02/08/2022,301.84,308.76,298.27,307.33,"50,729,063"
02/09/2022,311.67,315.42,306.67,310.67,"52,259,604"
02/10/2022,302.79,314.6,298.9,301.52,"66,126,906"
02/11/2022,303.21,305.32,283.57,286.67,"79,645,934"
02/14/2022,287.19,299.63,284.38,291.92,"67,756,484"
02/15/2022,300.0,307.67,297.79,307.48,"57,649,590"
02/16/2022,304.68,308.81,300.4,307.8,"51,294,446"
02/17/2022,304.42,306.17,291.37,292.12,"55,178,490"
02/18/2022,295.33,295.62,279.2,285.66,"68,501,918"
02/22/2022,278.04,285.58,267.03,273.84,"83,288,274"
02/23/2022,276.81,278.43,253.52,254.68,"95,257,113"
02/24/2022,233.46,267.49,233.33,266.92,"135,322,443"
02/25/2022,269.74,273.17,260.8,269.96,"76,067,839"
02/28/2022,271.67,292.29,271.57,290.14,"99,006,970"
03/01/2022,289.89,296.63,284.59,288.12,"74,766,939"
03/02/2022,290.71,295.49,281.42,293.3,"74,643,528"
03/03/2022,292.92,295.48,277.53,279.76,"61,623,574"
03/04/2022,283.03,285.22,275.05,279.43,"67,179,931"
03/07/2022,285.43,288.71,268.19,268.19,"72,494,233"
03/08/2022,265.18,283.33,260.72,274.8,"80,399,175"
03/09/2022,279.83,286.85,277.34,286.32,"59,184,032"
03/10/2022,283.82,284.82,270.12,279.43,"58,648,714"
03/11/2022,280.07,281.27,264.59,265.12,"67,037,233"
03/14/2022,260.2,266.9,252.01,255.46,"71,152,328"
03/15/2022,258.42,268.52,252.19,267.3,"66,841,213"
03/16/2022,269.67,280.67,267.42,280.08,"84,028,909"
03/17/2022,277.0,291.67,275.24,290.53,"66,583,029"
03/18/2022,291.5,302.62,289.13,301.8,"100,414,299"
03/21/2022,304.99,314.28,302.36,307.05,"81,981,736"
03/22/2022,310.0,332.62,307.25,331.33,"105,868,670"
03/23/2022,326.65,346.9,325.47,333.04,"120,676,263"
03/24/2022,336.58,341.5,329.6,337.97,"68,920,965"
03/25/2022,336.0,340.6,332.44,336.88,"62,031,605"
03/28/2022,355.03,365.96,351.2,363.95,"102,506,171"
03/29/2022,369.33,371.59,357.7,366.52,"73,614,887"
03/30/2022,363.72,371.32,361.33,364.66,"59,865,062"
03/31/2022,364.86,367.71,358.88,359.2,"48,992,811"
04/01/2022,360.38,364.92,355.55,361.53,"54,263,277"
04/04/2022,363.13,383.3,357.51,381.82,"82,177,790"
04/05/2022,378.77,384.29,362.43,363.75,"80,075,093"
04/06/2022,357.82,359.67,342.57,348.59,"89,348,637"
04/07/2022,350.8,358.86,340.51,352.42,"79,447,139"
04/08/2022,347.74,349.48,340.81,341.83,"55,013,757"
04/11/2022,326.8,336.16,324.88,325.31,"59,357,282"
04/12/2022,332.55,340.4,325.53,328.98,"65,976,156"
04/13/2022,327.02,342.08,324.37,340.79,"55,121,277"
04/14/2022,333.1,337.57,327.4,328.33,"58,422,484"
04/18/2022,329.68,338.31,324.47,334.76,"51,715,284"
04/19/2022,335.02,344.98,331.77,342.72,"49,847,869"
04/20/2022,343.33,344.67,325.08,325.73,"70,711,391"
04/21/2022,358.24,364.07,332.14,336.26,"105,416,453"
04/22/2022,338.3,344.95,331.33,335.02,"69,696,640"
04/25/2022,326.32,336.21,325.1,332.67,"68,341,412"
04/26/2022,331.81,333.33,291.67,292.14,"136,133,803"
04/27/2022,299.53,306.0,292.45,293.84,"76,956,467"
04/28/2022,299.99,300.0,273.9,292.5,"124,948,666"
04/29/2022,300.75,311.47,290.0,290.25,"88,133,102"
05/02/2022,286.92,302.12,282.68,300.98,"75,781,450"
05/03/2022,301.06,308.03,296.2,303.08,"63,709,653"
05/04/2022,301.31,318.5,295.09,317.54,"81,643,789"
05/05/2022,313.07,315.2,285.9,291.09,"92,519,283"
05/06/2022,295.67,296.0,281.03,288.55,"72,903,205"
05/09/2022,278.82,281.88,260.38,262.37,"90,810,305"
05/10/2022,273.1,275.12,258.08,266.68,"84,401,731"
05/11/2022,265.0,269.92,242.4,244.67,"97,224,551"
05/12/2022,233.67,253.22,226.67,242.67,"140,312,993"
05/13/2022,257.83,262.45,250.52,256.53,"92,150,826"
05/16/2022,255.72,256.59,239.7,241.46,"86,098,614"
05/17/2022,249.12,254.83,242.95,253.87,"80,236,179"
05/18/2022,248.17,253.5,233.6,236.6,"87,811,885"
05/19/2022,235.67,244.67,231.37,236.47,"90,296,761"
05/20/2022,238.0,240.53,211.0,221.3,"144,973,465"
05/23/2022,218.34,226.65,212.69,224.97,"88,903,746"
05/24/2022,217.84,217.97,206.86,209.39,"89,092,623"
05/25/2022,207.95,223.11,207.67,219.6,"92,139,423"
05/26/2022,220.47,239.56,217.89,235.91,"106,003,457"
05/27/2022,241.08,253.27,240.18,253.21,"89,295,063"
05/31/2022,257.95,259.6,244.74,252.75,"101,914,489"
06/01/2022,251.72,257.33,243.64,246.79,"77,248,040"
06/02/2022,244.16,264.21,242.07,258.33,"93,473,218"
06/03/2022,243.22,247.8,233.42,234.52,"112,393,851"
06/06/2022,244.35,244.87,234.35,238.28,"84,204,592"
06/07/2022,234.0,240.0,230.09,238.89,"72,808,651"
06/08/2022,240.09,249.96,239.18,241.87,"76,210,690"
06/09/2022,249.34,255.55,239.33,239.71,"96,491,411"
06/10/2022,235.16,239.5,227.91,232.23,"98,091,009"
06/13/2022,223.17,226.63,214.68,215.74,"102,767,369"
06/14/2022,218.29,226.33,211.74,220.89,"97,988,886"
06/15/2022,220.92,235.66,218.15,233.0,"119,132,068"
06/16/2022,222.74,225.17,208.69,213.1,"107,390,806"
06/17/2022,213.43,220.97,213.2,216.76,"92,641,867"
06/21/2022,224.6,243.58,224.33,237.04,"122,793,104"
06/22/2022,234.5,246.83,233.83,236.09,"101,527,372"
06/23/2022,237.9,239.32,228.64,235.07,"104,202,799"
06/24/2022,237.47,246.07,236.09,245.71,"95,770,798"
06/27/2022,249.37,252.07,242.57,244.92,"89,178,381"
06/28/2022,244.48,249.97,232.34,232.66,"90,666,598"
06/29/2022,230.5,231.17,222.27,228.49,"82,897,346"
06/30/2022,224.51,229.46,218.86,224.47,"94,600,539"
07/01/2022,227.0,230.23,222.12,227.26,"74,460,528"
07/05/2022,223.0,233.15,216.17,233.07,"84,779,179"
07/06/2022,230.78,234.56,227.19,231.73,"71,853,696"
07/07/2022,233.92,245.36,232.21,244.54,"81,930,775"
07/08/2022,242.33,254.98,241.16,250.76,"101,854,183"
07/11/2022,252.1,253.06,233.63,234.34,"99,509,318"
07/12/2022,236.85,239.77,228.37,233.07,"87,931,046"
07/13/2022,225.5,242.06,225.03,237.04,"97,954,602"
07/14/2022,234.9,238.65,229.33,238.31,"78,557,566"
07/15/2022,240.0,243.62,236.89,240.07,"69,683,083"
07/18/2022,244.94,250.52,239.6,240.55,"82,537,526"
07/19/2022,245.0,247.14,236.98,245.53,"80,890,191"
07/20/2022,246.78,250.66,243.48,247.5,"88,864,176"
07/21/2022,255.11,273.27,254.87,271.71,"142,032,334"
07/22/2022,276.22,280.79,270.71,272.24,"103,472,967"
07/25/2022,272.22,274.15,267.4,268.43,"64,073,587"
07/26/2022,266.51,267.31,256.26,258.86,"66,820,840"
07/27/2022,263.81,275.93,261.79,274.82,"88,110,086"
07/28/2022,280.07,283.3,272.8,280.9,"84,723,088"
07/29/2022,280.7,298.32,279.1,297.15,"95,312,970"
08/01/2022,301.27,311.88,295.0,297.28,"117,043,025"
08/02/2022,294.0,307.83,292.67,300.59,"95,577,574"
08/03/2022,305.0,309.55,301.15,307.4,"80,091,194"
08/04/2022,311.0,313.61,305.0,308.63,"72,256,389"
08/05/2022,302.67,304.61,285.54,288.17,"113,173,021"
08/08/2022,295.0,305.2,289.09,290.42,"99,365,390"
08/09/2022,290.29,292.4,279.35,283.33,"86,244,777"
08/10/2022,297.07,297.51,283.37,294.36,"94,918,950"
08/11/2022,296.51,298.24,285.83,286.63,"70,155,127"
08/12/2022,289.41,300.16,285.03,300.03,"79,657,373"
08/15/2022,301.79,313.13,301.23,309.32,"89,359,266"
08/16/2022,311.67,314.67,302.88,306.56,"88,136,390"
08/17/2022,303.4,309.66,300.03,304.0,"68,766,042"
08/18/2022,306.0,306.5,301.85,302.87,"47,500,576"
08/19/2022,299.0,300.36,292.5,296.67,"61,395,457"
08/22/2022,291.91,292.4,286.3,289.91,"55,843,405"
08/23/2022,291.45,298.83,287.92,296.45,"63,985,117"
08/24/2022,297.56,303.65,296.5,297.1,"57,259,770"
08/25/2022,302.36,302.96,291.6,296.07,"53,230,008"
08/26/2022,297.43,302.0,287.47,288.09,"57,163,953"
08/29/2022,282.83,287.74,280.7,284.82,"41,864,738"
08/30/2022,287.87,288.48,272.65,277.7,"50,541,762"
08/31/2022,280.62,281.25,271.81,275.61,"52,107,340"
09/01/2022,272.58,277.58,266.15,277.16,"54,287,020"
09/02/2022,281.07,282.35,269.08,270.21,"50,890,090"
09/06/2022,272.68,275.99,265.74,274.42,"55,859,980"
09/07/2022,273.1,283.84,272.27,283.7,"50,028,922"
09/08/2022,281.3,289.5,279.76,289.26,"53,713,121"
09/09/2022,291.67,299.85,291.25,299.68,"54,470,848"
09/12/2022,300.72,305.49,300.4,304.42,"48,674,602"
09/13/2022,292.9,297.4,290.4,292.13,"68,229,617"
09/14/2022,292.24,306.0,291.64,302.61,"72,628,648"
09/15/2022,301.83,309.12,300.72,303.75,"64,795,520"
09/16/2022,299.61,303.71,295.6,303.35,"87,087,789"
09/19/2022,300.09,309.84,297.8,309.07,"60,231,160"
09/20/2022,306.91,313.33,305.58,308.73,"61,642,781"
09/21/2022,308.29,313.8,300.63,300.8,"62,555,660"
09/22/2022,299.86,301.29,285.82,288.59,"70,545,406"
09/23/2022,283.09,284.5,272.82,275.33,"63,748,359"
09/26/2022,271.83,284.09,270.31,276.01,"58,076,910"
09/27/2022,283.84,288.67,277.51,282.94,"61,925,191"
09/28/2022,283.08,289.0,277.57,287.81,"54,664,809"
09/29/2022,282.76,283.65,265.78,268.21,"77,620,641"
09/30/2022,266.15,275.57,262.47,265.25,"67,726,602"
10/03/2022,254.5,255.16,241.01,242.4,"98,363,539"
10/04/2022,250.52,257.5,242.01,249.44,"109,578,492"
10/05/2022,245.01,246.67,233.27,240.81,"86,982,672"
10/06/2022,239.44,244.58,235.35,238.13,"69,298,438"
10/07/2022,233.94,234.57,222.02,223.07,"83,916,797"
10/10/2022,223.93,226.99,218.36,222.96,"67,925,023"
10/11/2022,220.95,225.75,215.0,216.5,"77,013,203"
10/12/2022,215.33,219.3,211.51,217.24,"66,860,703"
10/13/2022,208.3,222.99,206.22,221.72,"91,483,047"
10/14/2022,224.01,226.26,204.16,204.99,"94,124,516"
10/17/2022,210.04,221.86,209.45,219.35,"79,428,805"
10/18/2022,229.5,229.82,217.25,220.19,"75,891,914"
10/19/2022,219.8,222.93,217.78,222.04,"66,571,477"
10/20/2022,208.28,215.55,202.0,207.28,"117,798,094"
10/21/2022,206.42,214.66,203.8,214.44,"75,713,750"
10/24/2022,205.82,213.5,198.59,211.25,"100,446,797"
10/25/2022,210.1,224.35,210.0,222.42,"96,507,875"
10/26/2022,219.4,230.6,218.2,224.64,"85,327,078"
10/27/2022,229.77,233.81,222.85,225.09,"61,638,820"
10/28/2022,225.4,228.86,216.35,228.52,"69,152,391"
10/31/2022,226.19,229.85,221.94,227.54,"61,554,340"
11/01/2022,234.05,237.4,227.28,227.82,"62,688,820"
11/02/2022,226.04,227.87,214.82,214.98,"63,070,289"
11/03/2022,211.36,221.2,210.14,215.31,"56,538,848"
11/04/2022,222.6,223.8,203.08,207.47,"98,622,211"
11/07/2022,208.65,208.9,196.66,197.08,"93,916,523"
11/08/2022,194.02,195.2,186.75,191.3,"128,803,398"
11/09/2022,190.78,195.89,177.12,177.59,"127,062,703"
11/10/2022,189.9,191.0,180.03,190.72,"132,703,000"
11/11/2022,186.0,196.52,182.59,195.97,"114,403,602"
11/14/2022,192.77,195.73,186.34,190.95,"92,226,648"
11/15/2022,195.88,200.82,192.06,194.42,"91,293,789"
11/16/2022,191.51,192.57,185.66,186.92,"66,567,602"
11/17/2022,183.96,186.16,180.9,183.17,"64,335,969"
11/18/2022,185.05,185.19,176.55,180.19,"76,048,875"
11/21/2022,175.85,176.77,167.54,167.87,"92,882,711"
11/22/2022,168.63,170.92,166.19,169.91,"78,452,328"
11/23/2022,173.57,183.62,172.5,183.2,"109,536,703"
11/25/2022,185.06,185.2,180.63,182.86,"50,672,738"
11/28/2022,179.96,188.5,179.0,182.92,"93,038,148"
11/29/2022,184.99,186.38,178.75,180.83,"83,357,109"
11/30/2022,182.43,194.76,180.63,194.7,"109,186,398"
12/01/2022,197.08,198.92,191.8,194.7,"80,046,211"
12/02/2022,191.78,196.25,191.11,194.86,"73,645,922"
12/05/2022,189.44,191.27,180.55,182.45,"93,122,672"
12/05/2022,189.44,191.27,180.55,182.45,"93,122,672"
12/06/2022,181.22,183.65,175.33,179.82,"92,150,812"
12/07/2022,175.03,179.38,172.22,174.04,"84,213,281"
12/08/2022,172.2,175.2,169.06,173.44,"97,624,484"
12/09/2022,173.84,182.5,173.36,179.05,"104,872,305"
12/12/2022,176.1,177.37,167.52,167.82,"109,794,492"
12/13/2022,174.87,175.05,156.91,160.95,"175,862,703"
12/14/2022,159.25,161.62,155.31,156.8,"140,682,297"
12/15/2022,153.44,160.93,153.28,157.67,"122,334,492"
12/16/2022,159.64,160.99,150.04,150.23,"139,032,188"
12/19/2022,154.0,155.25,145.82,149.87,"139,390,594"
12/20/2022,146.05,148.47,137.66,137.8,"159,563,297"
12/21/2022,139.34,141.26,135.89,137.57,"145,417,406"
12/22/2022,136.0,136.63,122.26,125.35,"210,090,297"
12/23/2022,126.37,128.62,121.02,123.15,"166,989,703"
12/27/2022,117.5,119.67,108.76,109.1,"208,643,391"
12/28/2022,110.35,116.27,108.24,112.71,"221,070,500"
12/29/2022,120.39,123.57,117.5,121.82,"221,923,297"
12/30/2022,119.95,124.48,119.75,123.18,"157,777,297"
01/03/2023,118.47,118.8,104.64,108.1,"231,402,797"
01/04/2023,109.11,114.59,107.52,113.64,"180,388,984"
01/05/2023,110.51,111.75,107.16,110.34,"157,986,297"
01/06/2023,103.0,114.39,101.81,113.06,"220,911,109"
01/09/2023,118.96,123.52,117.11,119.77,"190,284,000"
01/10/2023,121.07,122.76,114.92,118.85,"167,642,500"
01/11/2023,122.09,125.95,120.51,123.22,"183,810,797"
01/12/2023,122.56,124.13,117.0,123.56,"169,400,891"
01/13/2023,116.55,122.63,115.6,122.4,"180,714,094"
01/17/2023,125.7,131.7,125.02,131.49,"186,476,984"
01/18/2023,136.56,136.68,127.01,128.78,"195,680,297"
01/19/2023,127.26,129.99,124.31,127.17,"170,291,906"
01/20/2023,128.68,133.51,127.35,133.42,"138,858,094"
01/23/2023,135.87,145.38,134.27,143.75,"203,119,203"
01/24/2023,143.0,146.5,141.1,143.89,"158,699,109"
01/25/2023,141.91,146.41,138.07,144.43,"192,734,297"
01/26/2023,159.97,161.42,154.76,160.27,"234,815,109"
01/27/2023,162.43,180.68,161.17,177.9,"306,590,594"
01/30/2023,178.05,179.77,166.5,166.66,"230,878,797"
01/31/2023,164.57,174.3,162.78,173.22,"196,813,500"
02/01/2023,173.89,183.81,169.93,181.41,"213,806,297"
02/02/2023,187.33,196.75,182.61,188.27,"217,448,297"
02/03/2023,183.95,199.0,183.69,189.98,"232,662,000"
02/06/2023,193.01,198.17,189.92,194.76,"186,188,094"
02/07/2023,196.43,197.5,189.55,196.81,"186,010,297"
02/08/2023,196.1,203.0,194.31,201.29,"180,673,594"
02/09/2023,207.78,214.0,204.77,207.32,"215,431,391"
02/10/2023,202.23,206.2,192.89,196.89,"204,754,094"
02/13/2023,194.42,196.3,187.61,194.64,"172,475,500"
02/14/2023,191.94,209.82,189.44,209.25,"216,455,703"
02/15/2023,211.76,214.66,206.11,214.24,"182,108,609"
02/16/2023,210.78,217.65,201.84,202.04,"229,586,500"
02/17/2023,199.99,208.44,197.5,208.31,"213,738,500"
02/21/2023,204.99,209.71,197.22,197.37,"180,018,594"
02/22/2023,197.93,201.99,191.78,200.86,"191,828,500"
02/23/2023,203.91,205.14,196.33,202.07,"146,360,000"
02/24/2023,196.33,197.67,192.8,196.88,"142,228,094"
02/27/2023,202.03,209.42,201.26,207.63,"161,028,297"
02/28/2023,210.59,211.23,203.75,205.71,"153,144,891"
03/01/2023,206.21,207.2,198.52,202.77,"156,852,797"
03/02/2023,186.74,193.75,186.01,190.9,"181,979,203"
03/03/2023,194.8,200.48,192.88,197.79,"154,193,297"
03/06/2023,198.54,198.6,192.3,193.81,"128,100,094"
03/07/2023,191.38,194.2,186.1,187.71,"148,125,797"
03/08/2023,185.04,186.5,180.0,182.0,"151,897,797"
03/09/2023,180.25,185.18,172.51,172.92,"170,023,812"
03/10/2023,175.13,178.29,168.44,173.44,"191,488,891"
03/13/2023,167.46,177.35,163.91,174.48,"167,790,297"
03/14/2023,177.31,183.8,177.14,183.26,"143,717,906"
03/15/2023,180.8,182.34,176.03,180.45,"145,995,594"
03/16/2023,180.37,185.81,178.84,184.13,"121,374,492"
03/17/2023,184.52,186.22,177.33,180.13,"133,197,109"
03/20/2023,178.08,186.44,176.35,183.25,"129,684,398"
03/21/2023,188.28,198.0,188.04,197.58,"153,391,391"
03/22/2023,199.3,200.66,190.95,191.15,"150,376,406"
03/23/2023,195.26,199.31,188.65,192.22,"144,193,906"
03/24/2023,191.65,192.36,187.15,190.41,"116,531,602"
03/27/2023,194.42,197.39,189.94,191.81,"120,851,602"
03/28/2023,192.0,192.35,185.43,189.19,"98,654,641"
03/29/2023,193.13,195.29,189.44,193.88,"123,660,000"
03/30/2023,195.58,197.33,194.42,195.28,"110,252,203"
03/31/2023,197.53,207.79,197.2,207.46,"170,222,094"
04/03/2023,199.91,202.69,192.2,194.77,"169,545,906"
04/04/2023,197.32,198.74,190.32,192.58,"126,463,797"
04/05/2023,190.52,190.68,183.76,185.52,"133,882,500"
04/06/2023,183.08,186.39,179.74,185.06,"123,857,906"
04/10/2023,179.94,185.1,176.11,184.51,"142,154,594"
04/11/2023,186.69,189.19,185.65,186.79,"115,770,898"
04/12/2023,190.74,191.58,180.31,180.54,"150,256,297"
04/13/2023,182.96,186.5,180.94,185.9,"112,933,000"
04/14/2023,183.95,186.28,182.01,185.0,"96,438,656"
04/17/2023,186.32,189.69,182.69,187.04,"116,662,203"
04/18/2023,187.15,187.69,183.58,184.31,"92,067,023"
04/19/2023,179.1,183.5,177.65,180.59,"125,732,703"
04/20/2023,166.17,169.7,160.56,162.99,"210,970,797"
04/21/2023,164.8,166.0,161.32,165.08,"123,539,000"
04/24/2023,164.65,165.65,158.61,162.55,"140,006,594"
04/25/2023,159.82,163.47,158.75,160.67,"121,999,297"
04/26/2023,160.29,160.67,153.14,153.75,"153,364,094"
04/27/2023,152.64,160.48,152.37,160.19,"127,015,203"
04/28/2023,160.9,165.0,157.32,164.31,"122,515,797"
05/01/2023,163.17,163.28,158.83,161.83,"109,015,000"
05/02/2023,161.88,165.49,158.93,160.31,"128,259,695"
05/03/2023,160.01,165.0,159.91,160.61,"119,728,000"
05/04/2023,162.71,162.95,159.65,161.2,"95,108,484"
05/05/2023,163.97,170.79,163.51,170.06,"107,607,297"
05/08/2023,173.72,173.8,169.19,171.79,"112,249,398"
05/09/2023,168.95,169.82,166.56,169.15,"88,965,039"
05/10/2023,172.55,174.43,166.68,168.54,"119,840,703"
05/11/2023,168.7,173.57,166.79,172.08,"103,889,906"
05/12/2023,176.07,177.38,167.23,167.98,"157,849,594"
05/15/2023,167.66,169.76,164.55,166.35,"105,592,492"
05/16/2023,165.65,169.52,164.35,166.52,"98,288,789"
05/17/2023,168.41,174.5,167.19,173.86,"125,473,602"
05/18/2023,174.22,177.06,172.45,176.89,"109,520,305"
05/19/2023,177.17,181.95,176.31,180.14,"136,196,703"
05/22/2023,180.7,189.32,180.11,188.87,"132,001,406"
05/23/2023,186.2,192.96,185.26,185.77,"156,952,094"
05/24/2023,182.23,184.22,178.22,182.9,"137,605,109"
05/25/2023,186.54,186.78,180.58,184.47,"96,870,719"
05/26/2023,184.62,198.6,184.53,193.17,"162,061,500"
05/30/2023,200.1,204.48,197.53,201.16,"128,818,703"
05/31/2023,199.78,203.95,195.12,203.93,"150,711,703"
06/01/2023,202.59,209.8,199.37,207.52,"148,029,906"
06/02/2023,210.15,217.25,209.75,213.97,"164,398,406"
06/05/2023,217.8,221.29,214.52,217.61,"151,143,109"
06/06/2023,216.14,221.91,212.53,221.31,"146,911,594"
06/07/2023,228.0,230.83,223.2,224.57,"185,710,797"
06/08/2023,224.22,235.23,223.01,234.86,"164,489,703"
06/09/2023,249.07,252.42,242.02,244.4,"200,242,406"
06/12/2023,247.94,250.97,244.59,249.83,"150,740,500"
06/13/2023,253.51,259.68,251.34,258.71,"162,384,297"
06/14/2023,260.17,261.57,250.5,256.79,"170,575,500"
06/15/2023,248.4,258.95,247.29,255.9,"160,171,203"
06/16/2023,258.92,263.6,257.21,260.54,"167,915,594"
06/20/2023,261.5,274.75,261.12,274.45,"165,611,203"
06/21/2023,275.13,276.99,257.78,259.46,"211,797,109"
06/22/2023,250.77,265.0,248.25,264.61,"166,875,906"
06/23/2023,259.29,262.45,252.8,256.6,"177,460,797"
06/26/2023,250.07,258.37,240.7,241.05,"179,990,594"
06/27/2023,243.24,250.39,240.85,250.21,"164,968,188"
06/28/2023,249.7,259.88,248.89,256.24,"159,770,797"
06/29/2023,258.03,260.74,253.61,257.5,"131,283,406"
06/30/2023,260.6,264.45,259.89,261.77,"112,620,797"
07/03/2023,276.49,284.25,275.11,279.82,"118,999,000"
07/05/2023,278.82,283.85,277.6,282.48,"131,530,891"
07/06/2023,278.09,279.97,272.88,276.54,"120,707,398"
07/07/2023,278.43,280.78,273.77,274.43,"113,879,203"
07/10/2023,276.47,277.52,265.1,269.61,"119,425,398"
07/11/2023,268.65,270.9,266.37,269.79,"91,972,359"
07/12/2023,276.33,276.52,271.46,271.99,"95,672,141"
07/13/2023,274.59,279.45,270.6,277.9,"112,681,508"
07/14/2023,277.01,285.3,276.31,281.38,"120,062,398"
07/17/2023,286.63,292.23,283.57,290.38,"131,569,594"
07/18/2023,290.15,295.26,286.01,293.34,"112,434,703"
07/19/2023,296.04,299.29,289.52,291.26,"142,355,391"
07/20/2023,279.56,280.93,261.2,262.9,"175,158,297"
07/21/2023,268.0,268.0,255.8,260.02,"161,796,094"
07/24/2023,255.85,269.85,254.12,269.06,"137,004,984"
07/25/2023,272.38,272.9,265.0,265.28,"112,757,297"
07/26/2023,263.25,268.04,261.75,264.35,"95,856,180"
07/27/2023,268.31,269.13,255.3,255.71,"103,697,297"
07/28/2023,259.86,267.25,258.23,266.44,"111,446,000"
07/31/2023,267.48,269.08,263.78,267.43,"84,582,172"
08/01/2023,266.26,266.47,260.25,261.07,"83,645,719"
08/02/2023,255.57,259.52,250.49,254.11,"101,752,898"
08/03/2023,252.04,260.49,252.0,259.32,"97,829,555"
08/04/2023,260.97,264.77,253.11,253.86,"99,539,914"
08/07/2023,251.45,253.65,242.76,251.45,"111,097,906"
08/08/2023,247.45,250.92,245.01,249.7,"96,642,180"
08/09/2023,250.87,251.1,241.9,242.19,"101,596,305"
08/10/2023,245.4,251.8,243.0,245.34,"109,498,602"
08/11/2023,241.77,243.79,238.02,242.65,"99,038,641"
08/14/2023,235.7,240.66,233.75,239.76,"98,595,328"
08/15/2023,238.73,240.5,232.61,232.96,"88,197,602"
08/16/2023,228.02,233.97,225.38,225.6,"112,484,492"
08/17/2023,226.06,226.74,218.83,219.22,"120,718,398"
08/18/2023,214.12,217.58,212.36,215.49,"136,276,609"
08/21/2023,221.55,232.13,220.58,231.28,"135,702,703"
08/22/2023,240.25,240.82,229.55,233.19,"130,597,906"
08/23/2023,229.34,238.98,229.29,236.86,"101,077,602"
08/24/2023,238.66,238.92,228.18,230.04,"99,777,430"
08/25/2023,231.31,239.0,230.35,238.59,"106,612,203"
08/28/2023,242.58,244.38,235.35,238.82,"107,673,695"
08/29/2023,238.58,257.48,237.77,257.18,"134,047,594"
08/30/2023,254.2,260.51,250.59,256.9,"121,988,398"
08/31/2023,255.98,261.18,255.05,258.08,"108,861,695"
09/01/2023,257.26,259.08,242.01,245.01,"132,541,594"
09/05/2023,245.0,258.0,244.86,256.49,"129,469,602"
09/06/2023,255.14,255.39,245.06,251.92,"116,959,797"
09/07/2023,245.07,252.81,243.27,251.49,"115,312,898"
09/08/2023,251.22,256.52,246.67,248.5,"118,559,602"
09/11/2023,264.27,274.85,260.61,273.58,"174,667,906"
09/12/2023,270.76,278.39,266.6,267.48,"135,999,906"
09/13/2023,270.07,274.98,268.1,271.3,"111,673,695"
09/14/2023,271.32,276.71,270.42,276.04,"107,709,797"
09/15/2023,277.55,278.98,271.0,274.39,"133,692,297"
09/18/2023,271.16,271.44,263.76,265.28,"101,543,297"
09/19/2023,264.35,267.85,261.2,266.5,"103,704,000"
09/20/2023,267.04,273.93,262.46,262.59,"122,514,602"
09/21/2023,257.85,260.86,254.21,255.7,"119,951,508"
09/22/2023,257.4,257.79,244.48,244.88,"127,524,094"
09/25/2023,243.38,247.1,238.31,246.99,"104,636,602"
09/26/2023,242.98,249.55,241.66,244.12,"101,993,602"
09/27/2023,244.26,245.33,234.58,240.5,"136,597,203"
09/28/2023,240.02,247.55,238.65,246.38,"117,058,898"
09/29/2023,250.0,254.77,246.35,250.22,"128,522,703"
10/02/2023,244.81,254.28,242.62,251.6,"123,810,398"
10/03/2023,248.61,250.02,244.45,246.53,"101,985,297"
10/04/2023,248.14,261.86,247.6,261.16,"129,721,602"
10/05/2023,260.0,263.6,256.25,260.05,"119,159,203"
10/06/2023,253.98,261.65,250.65,260.53,"118,121,797"
10/09/2023,255.31,261.36,252.05,259.67,"101,377,906"
10/10/2023,257.75,268.94,257.65,263.62,"122,656,000"
10/11/2023,266.2,268.6,260.9,262.99,"103,706,305"
10/12/2023,262.92,265.41,256.63,258.87,"111,508,094"
10/13/2023,258.9,259.6,250.22,251.12,"102,296,797"
10/16/2023,250.05,255.4,248.48,253.92,"88,917,188"
10/17/2023,250.1,257.18,247.08,254.85,"93,562,914"
10/18/2023,252.7,254.63,242.08,242.68,"125,147,797"
10/19/2023,225.95,230.61,216.78,220.11,"170,772,703"
10/20/2023,217.01,218.86,210.42,211.99,"138,010,094"
10/23/2023,210.0,216.98,202.51,212.08,"150,683,391"
10/24/2023,216.5,222.05,214.11,216.52,"118,231,102"
10/25/2023,215.88,220.1,212.2,212.42,"107,065,102"
10/26/2023,211.32,214.8,204.88,205.76,"115,112,602"
10/27/2023,210.6,212.41,205.77,207.3,"94,881,172"
10/30/2023,209.28,210.88,194.67,197.36,"136,448,188"
10/31/2023,196.12,202.8,194.07,200.84,"118,068,305"
11/01/2023,204.04,205.99,197.85,205.66,"121,661,695"
11/02/2023,212.97,219.2,211.45,218.51,"125,987,602"
11/03/2023,221.15,226.37,218.4,219.96,"119,534,797"
11/06/2023,223.98,226.32,215.0,219.27,"117,335,797"
11/07/2023,219.98,223.12,215.72,222.18,"116,900,094"
11/08/2023,223.15,224.15,217.64,222.11,"106,584,797"
11/09/2023,219.75,220.8,206.68,209.98,"142,110,500"
11/10/2023,210.03,215.38,205.69,214.65,"131,310,094"
11/13/2023,215.6,225.4,211.61,223.71,"140,447,594"
11/14/2023,235.03,238.14,230.72,237.41,"149,771,594"
11/15/2023,239.29,246.7,236.45,242.84,"150,354,000"
11/16/2023,239.49,240.88,230.96,233.59,"136,816,797"
11/17/2023,232.0,237.39,226.54,234.3,"142,766,203"
11/20/2023,234.04,237.1,231.02,235.6,"116,562,398"
11/21/2023,235.04,243.62,233.34,241.2,"122,288,000"
11/22/2023,242.04,244.01,231.4,234.21,"118,117,102"
11/24/2023,233.75,238.75,232.33,235.45,"65,125,199"
11/27/2023,236.89,238.33,232.1,236.08,"112,031,797"
11/28/2023,236.68,247.0,234.01,246.72,"148,549,906"
11/29/2023,249.21,252.75,242.76,244.14,"135,401,297"
11/30/2023,245.14,245.22,236.91,240.08,"132,353,203"
12/01/2023,233.14,240.19,231.9,238.83,"121,331,695"
12/04/2023,235.75,239.37,233.29,235.58,"104,099,797"
